Df	SumsOfSqs	MeanSqs	F.Model	R2	Pr(>F)
mix8	1	0.138128366626878	0.138128366626878	85.8907500220539	0.977244476813565	0.333333333333333
Residuals	2	0.00321637351149946	0.00160818675574973	NA	0.0227555231864349	NA
Total	3	0.141344740138377	NA	NA	1	NA
