Df	SumsOfSqs	MeanSqs	F.Model	R2	Pr(>F)
treatment1	1	0.611624205118233	0.611624205118233	154.017658539192	0.987180938242977	0.333333333333333
Residuals	2	0.00794226078904577	0.00397113039452288	NA	0.0128190617570228	NA
Total	3	0.619566465907279	NA	NA	1	NA
