Df	SumsOfSqs	MeanSqs	F.Model	R2	Pr(>F)
treatment1	1	0.721326848658127	0.721326848658127	28.8647236453702	0.935201104569099	0.333333333333333
Residuals	2	0.0499798201791427	0.0249899100895714	NA	0.0647988954309009	NA
Total	3	0.771306668837269	NA	NA	1	NA
